Time,Size,Sex,Total
1936.8415766038368,4,M,6017
2141.992028904913,5,M,5819
6539.430740928836,6,M,4255
8976.649364878385,7,M,4758
11905.52125605005,8,M,3085
14948.290494951316,9,M,2608
15552.331268988512,10,M,2839
15792.577156683135,11,M,3023
16075.382914347423,12,M,2333
16172.73962146199,13,M,2613
16476.92614038793,14,M,2191
16574.389100650984,15,M,2323
16602.372201159367,16,M,2395
16966.651860807848,17,M,2426
17134.035681446738,18,M,2353
17278.089874912384,19,M,2185
17505.895140384844,20,M,2352
17589.69783094457,21,M,2462
17874.3223059503,22,M,2551
17994.57942926609,23,M,2348
18054.169751637855,24,M,2357
18060.48265826573,25,M,2366
18090.76589569484,26,M,2470
18161.745898683326,27,M,2487
18164.515688622054,28,M,2461
18354.819991218395,29,M,2462
18388.67347880718,30,M,2469
18433.457763031256,31,M,2332
18512.14779054947,32,M,2480
18576.775912759334,33,M,2562
18606.953145842075,34,M,2473
18753.63982699265,35,M,2539
18864.47862484974,36,M,2505
18892.460748516172,37,M,2485
18957.665219926825,38,M,2407
18969.9948472428,39,M,2332
18999.19963631655,40,M,2362
19007.39698612292,41,M,2403
19029.719423000228,42,M,2457
19061.8303052,43,M,2555
19063.421238441944,44,M,2574
19075.460567778042,45,M,2684
19087.25540910863,46,M,2711
19090.223637879702,47,M,2701
19142.649286216303,48,M,2456
19148.448736670467,49,M,2398
19156.310575149393,50,M,2358
19178.106397396165,51,M,2325
19181.020596373284,52,M,2325
19201.66936330054,53,M,2262
19212.539240140963,54,M,2245
19244.80270706593,55,M,2208
19253.983772767457,56,M,2217
19254.576943329706,57,M,2223
19273.91895390505,58,M,2309
19279.701940229108,59,M,2285
19285.389850532985,60,M,2277
19288.321270865406,61,M,2303
19297.356555782502,62,M,2286
19318.596382515352,63,M,2307
19320.7966868768,64,M,2320
19322.14808734475,65,M,2346
19331.478226629653,66,M,2335
19337.45187651567,67,M,2361
19337.973959770297,68,M,2356
19365.117298047695,69,M,2383
19368.130038190044,70,M,2381
19375.42113284897,71,M,2426
19380.887363204707,72,M,2442
19384.550914104802,73,M,2412
19399.234874680635,74,M,2436
19410.296159302932,75,M,2404
19431.180897752223,76,M,2330
19431.61602881221,77,M,2326
19435.99165386242,78,M,2333
19441.41155013267,79,M,2360
19444.832920440575,80,M,2369
19453.407588490747,81,M,2381
19457.56818057069,82,M,2360
19465.754286531792,83,M,2346
19468.393923156797,84,M,2365
19478.846224260167,85,M,2392
19489.595358584407,86,M,2421
19492.33505316327,87,M,2425
19495.282261713837,88,M,2442
19495.813373662284,89,M,2446
19500.991525535483,90,M,2449
19506.564455629385,91,M,2450
19514.61094252342,92,M,2543
19516.924606834906,93,M,2563
19517.719678244448,94,M,2569
19522.772971773207,95,M,2599
19536.653951857905,96,M,2659
19538.277028727403,97,M,2677
19540.926961851288,98,M,2710
19541.52814993564,99,M,2709
19553.546362713303,100,M,2738
19556.656747547753,101,M,2730
19557.110592714067,102,M,2731
19561.345608328113,103,M,2758
19565.709640412028,104,M,2759
19571.624577466548,105,M,2764
19576.635626389198,106,M,2769
19579.651119696176,107,M,2745
19585.685390164443,108,M,2742
19588.56483974316,109,M,2735
19589.302337224042,110,M,2734
19590.555231851504,111,M,2752
19597.07851814775,112,M,2727
19598.77935146821,113,M,2716
19602.721482210378,114,M,2733
19603.99427465107,115,M,2757
19605.124845373102,116,M,2771
19612.883458343353,117,M,2787
19615.520180298332,118,M,2762
19618.54220576848,119,M,2773
19620.13841203987,120,M,2760
19620.808508780967,121,M,2752
19621.321870449414,122,M,2749
19625.365362033866,123,M,2719
19629.125547001408,124,M,2695
19629.51786159114,125,M,2705
19629.75878949305,126,M,2708
19631.770975589367,127,M,2708
19637.367342890197,128,M,2726
19638.336552571192,129,M,2739
19640.074868167674,130,M,2728
19640.880840670212,131,M,2714
19645.31621951736,132,M,2713
19645.577251985684,133,M,2715
19645.891750990944,134,M,2718
19653.844293899507,135,M,2725
19658.4592062093,136,M,2730
19658.660692324298,137,M,2728
19664.34756901645,138,M,2729
19668.51293668034,139,M,2731
19669.91561049032,140,M,2742
19671.39766728056,141,M,2761
19672.29098701141,142,M,2748
19672.727711867195,143,M,2757
19682.689767500455,144,M,2822
19682.947103135026,145,M,2819
19684.951111256305,146,M,2832
19691.613135430078,147,M,2826
19693.76810714618,148,M,2863
19695.28459244685,149,M,2871
19696.39114519024,150,M,2881
19697.414932418014,151,M,2874
19698.061553457806,152,M,2877
19700.02410805767,153,M,2853
19705.017224892763,154,M,2821
19706.68092251934,155,M,2822
19708.27603440189,156,M,2806
19709.240512357188,157,M,2816
19710.430441131502,158,M,2817
19714.442555272864,159,M,2826
19728.407395605227,160,M,2833
19729.747560144893,161,M,2838
19734.57826915187,162,M,2801
19736.098322917842,163,M,2760
19736.115671339132,164,M,2761
19736.40815710045,165,M,2756
19736.896543254403,166,M,2761
19737.830926899846,167,M,2747
19738.322699103883,168,M,2751
19742.84458119397,169,M,2722
19743.765314161257,170,M,2722
19744.098345253897,171,M,2724
19744.2107677819,172,M,2722
19745.924917162385,173,M,2695
19746.15475232839,174,M,2697
19746.901181665,175,M,2691
19747.71160497954,176,M,2675
19749.59329608736,177,M,2680
19749.979285160436,178,M,2673
19750.79623223792,179,M,2677
19751.190548403003,180,M,2667
19754.097927412175,181,M,2639
19756.182571725178,182,M,2635
19756.27346863868,183,M,2636
19756.486859305332,184,M,2638
19756.98430622773,185,M,2635
19758.97274518353,186,M,2623
19759.01458472454,187,M,2629
19760.11620160761,188,M,2636
19760.624568310217,189,M,2630
19760.759660365453,190,M,2639
19762.048902237206,191,M,2635
19762.25949307451,192,M,2633
19763.296705832974,193,M,2630
19764.40041418004,194,M,2625
19765.679070822738,195,M,2633
19767.670863137264,196,M,2596
19767.88764440451,197,M,2589
19769.31785764199,198,M,2594
19771.371204907875,199,M,2584
19771.665943186104,200,M,2579
19775.729901372346,201,M,2578
19776.592195399233,202,M,2567
19778.478098151925,203,M,2584
19780.19577212293,204,M,2574
19780.92440134363,205,M,2571
19781.4477537926,206,M,2570
19783.13228105236,207,M,2584
19785.501396385258,208,M,2570
19785.93084898692,209,M,2560
19789.986262661732,210,M,2568
19790.09280706001,211,M,2569
19790.458337581516,212,M,2568
19791.148742112513,213,M,2572
19793.02199669538,214,M,2566
19794.422518097334,215,M,2555
19795.03401399714,216,M,2556
19795.527722451858,217,M,2560
19796.211145291392,218,M,2556
19796.41857231851,219,M,2556
19796.53313885159,220,M,2555
19796.92507647972,221,M,2564
19797.955318213928,222,M,2549
19798.925876168643,223,M,2548
19801.54014043471,224,M,2548
19801.971274444408,225,M,2543
19802.80131567652,226,M,2545
19803.032244175585,227,M,2544
19805.309473293946,228,M,2540
19807.18862618066,229,M,2552
19807.5045265746,230,M,2551
19808.04802309725,231,M,2531
19808.373207630702,232,M,2524
19809.485246208962,233,M,2512
19809.75361968434,234,M,2523
19811.989286690918,235,M,2517
19817.53533027399,236,M,2557
19817.733794507174,237,M,2552
19818.088869478725,238,M,2549
19819.056380930924,239,M,2559
19819.08733919428,240,M,2563
19819.15942108658,241,M,2559
19820.745336276494,242,M,2570
19820.908731747826,243,M,2570
19823.44049989989,244,M,2568
19823.54587947762,245,M,2571
19823.972034507315,246,M,2562
19826.66308061541,247,M,2573
19826.819156747886,248,M,2578
19826.931984288738,249,M,2583
19826.93295160417,250,M,2584
19827.022775094116,251,M,2584
19829.22252651748,252,M,2569
19830.122897393452,253,M,2571
19831.882070479172,254,M,2573
19831.88645464901,255,M,2573
19833.03830753958,256,M,2602
19833.869395607995,257,M,2611
19834.019070962306,258,M,2612
19834.152754239673,259,M,2617
19834.28621888134,260,M,2616
19834.832515730326,261,M,2636
19835.198375148044,262,M,2634
19837.86355783142,263,M,2646
19837.987299542787,264,M,2644
19839.04105236204,265,M,2648
19839.898085199617,266,M,2657
19842.088819136323,267,M,2638
19842.66082474472,268,M,2628
19843.3151001712,269,M,2644
19844.26935607017,270,M,2644
19845.99462717516,271,M,2645
19848.477116876576,272,M,2648
19849.458045186304,273,M,2643
19849.473106812264,274,M,2644
19850.078252313688,275,M,2628
19850.219223746124,276,M,2631
19851.100657905783,277,M,2628
19851.276300984104,278,M,2632
19851.36799881198,279,M,2628
19851.482050116574,280,M,2631
19851.64547619579,281,M,2627
19852.071175947272,282,M,2633
19853.77695593199,283,M,2626
19854.96740385117,284,M,2612
19855.781861861506,285,M,2614
19856.076026855004,286,M,2610
19856.100092607398,287,M,2613
19856.11598755409,288,M,2613
19856.16446035536,289,M,2614
19856.5941531559,290,M,2616
19856.677913232972,291,M,2616
19857.176813052596,292,M,2624
19858.41247848298,293,M,2634
19858.718155542527,294,M,2633
19860.703209385356,295,M,2656
19860.72748683252,296,M,2657
19860.886074455993,297,M,2654
19860.92966889866,298,M,2652
19863.74658043844,299,M,2642
19864.438846003668,300,M,2632
19864.681730289005,301,M,2630
19864.951353159315,302,M,2626
19865.015497632965,303,M,2624
19865.43657901083,304,M,2628
19866.722497541632,305,M,2614
19867.874793642175,306,M,2615
19868.00045498588,307,M,2619
19868.337765283766,308,M,2622
19868.629817120367,309,M,2627
19868.89635210513,310,M,2618
19869.883195148148,311,M,2594
19869.96258062447,312,M,2600
19870.691531331777,313,M,2611
19870.734787902486,314,M,2614
19870.991273541415,315,M,2621
19871.352451746192,316,M,2627
19871.35603818981,317,M,2628
19871.92441292849,318,M,2616
19872.709206337553,319,M,2607
19873.19562908182,320,M,2617
19875.752399330722,321,M,2652
19876.36157792747,322,M,2648
19876.55082611805,323,M,2650
19876.56968329294,324,M,2653
19876.678762242573,325,M,2659
19878.378273579838,326,M,2646
19878.690208494452,327,M,2653
19879.217748262923,328,M,2666
19880.424808240055,329,M,2674
19880.534703793,330,M,2671
19880.84928606996,331,M,2669
19881.29390114837,332,M,2668
19881.590109917648,333,M,2664
19882.160268244526,334,M,2675
19883.107803935753,335,M,2681
19883.17497840466,336,M,2676
19883.656045406115,337,M,2678
19883.845226733712,338,M,2674
19883.92083073966,339,M,2675
19885.737954275042,340,M,2642
19885.813135373613,341,M,2643
19886.03001589092,342,M,2638
19886.22611883216,343,M,2626
19886.534078281573,344,M,2618
19886.783920149308,345,M,2617
19887.509979408813,346,M,2627
19887.529762796632,347,M,2625
19888.07046785451,348,M,2619
19888.24082202903,349,M,2618
19889.349813155386,350,M,2616
19889.66565533382,351,M,2623
19890.8082172074,352,M,2622
19890.98209991396,353,M,2626
19891.018219887046,354,M,2626
19891.919129544247,355,M,2631
19892.278365515052,356,M,2626
19892.614050138644,357,M,2629
19893.018300534633,358,M,2619
19893.645407359014,359,M,2615
19893.75843361511,360,M,2612
19893.861018848103,361,M,2613
19894.723864125484,362,M,2611
19895.64909995963,363,M,2611
19895.807511335603,364,M,2610
19897.088892227923,365,M,2613
19897.233285041304,366,M,2613
19897.30208108256,367,M,2615
19897.911860381522,368,M,2615
19898.351129286755,369,M,2605
19898.57114444318,370,M,2599
19898.731393925456,371,M,2602
19899.037322286826,372,M,2605
19899.849429500995,373,M,2607
19900.063051476576,374,M,2607
19900.11021466883,375,M,2606
19900.38351816489,376,M,2612
19900.727066549665,377,M,2615
19900.94790769236,378,M,2617
19901.05344374428,379,M,2616
19902.003713865604,380,M,2609
19902.832932328754,381,M,2630
19903.125114803937,382,M,2639
19903.453386319903,383,M,2649
19903.488699758054,384,M,2648
19903.895152282457,385,M,2654
19904.19714787535,386,M,2654
19906.04450833774,387,M,2665
19906.50708876809,388,M,2663
19906.754596498075,389,M,2665
19907.835850557505,390,M,2654
19908.416262588817,391,M,2662
19908.45835999549,392,M,2663
19909.33361401726,393,M,2669
19909.760534452776,394,M,2667
19910.18911960861,395,M,2674
19911.58450330262,396,M,2679
19912.13887362467,397,M,2683
19912.82009673342,398,M,2658
19912.844301839486,399,M,2658
19913.00715564581,400,M,2655
19913.425330556365,401,M,2658
19913.69169183087,402,M,2663
19913.749605330657,403,M,2668
19914.25065626832,404,M,2663
19914.474357508698,405,M,2655
19914.527107080467,406,M,2655
19914.608544895083,407,M,2652
19914.744050311256,408,M,2649
19915.037288630763,409,M,2653
19915.19903416914,410,M,2657
19915.221772445228,411,M,2656
19915.783819285734,412,M,2656
19915.81877428067,413,M,2657
19915.918994292475,414,M,2659
19916.016274050966,415,M,2665
19916.170467229,416,M,2665
19916.289635116675,417,M,2672
19917.21254295094,418,M,2658
19917.244412899538,419,M,2656
19917.409809398367,420,M,2647
19917.55842901408,421,M,2653
19917.708605892632,422,M,2654
19917.884186011885,423,M,2663
19917.939717498703,424,M,2662
19918.141373853807,425,M,2670
19918.629350772717,426,M,2652
19918.651030818226,427,M,2652
19918.884926034727,428,M,2647
19919.17710296019,429,M,2650
19919.31620503039,430,M,2653
19919.326809791728,431,M,2653
19919.501435740796,432,M,2647
19919.512141788575,433,M,2647
19920.101880068436,434,M,2641
19920.246632087405,435,M,2645
19920.3661500043,436,M,2642
19920.525542422554,437,M,2634
19920.706173507162,438,M,2637
19920.807067284593,439,M,2640
19920.91353372189,440,M,2637
19921.01071126996,441,M,2638
19921.404457005232,442,M,2642
19921.64712884567,443,M,2638
19921.735436085957,444,M,2642
19922.190417666687,445,M,2664
19922.46377680488,446,M,2669
19922.53586454023,447,M,2674
19922.684263955067,448,M,2675
19922.724618177377,449,M,2677
19922.801896035697,450,M,2675
19922.983917974314,451,M,2677
19923.250578792606,452,M,2689
19923.365607808246,453,M,2686
19923.37537419148,454,M,2686
19923.435227090715,455,M,2683
19923.596558341207,456,M,2677
19923.821374028776,457,M,2671
19923.875984264905,458,M,2672
19924.17968275188,459,M,2668
19924.185116001605,460,M,2671
19924.876951402824,461,M,2675
19924.988639991803,462,M,2672
19925.042203622168,463,M,2673
19925.35018357404,464,M,2669
19925.355684813316,465,M,2671
19925.60597752013,466,M,2680
19925.655340841007,467,M,2683
19926.83748649784,468,M,2684
19927.654436740726,469,M,2678
19927.736404471732,470,M,2679
19927.980707612525,471,M,2678
19928.11827528122,472,M,2678
19928.635128832953,473,M,2683
19928.6563205929,474,M,2686
19928.828532414187,475,M,2686
19929.383797136878,476,M,2679
19929.57854074916,477,M,2676
19929.588124862934,478,M,2678
19929.698134275543,479,M,2684
19930.412470816224,480,M,2676
19930.42972059402,481,M,2679
19930.46107916111,482,M,2679
19930.55199681038,483,M,2683
19930.78194887102,484,M,2692
19930.80686404458,485,M,2694
19930.843479690848,486,M,2696
19930.88667261285,487,M,2697
19930.966163901838,488,M,2699
19931.076226068217,489,M,2696
19931.321810534468,490,M,2698
19931.477841654592,491,M,2692
19931.705961151838,492,M,2694
19931.742379918385,493,M,2697
19931.79712763586,494,M,2698
19931.884002122944,495,M,2702
19931.99741492407,496,M,2700
19932.10384939383,497,M,2701
19932.618373590194,498,M,2705
19932.77001725525,499,M,2706
19933.11663062743,500,M,2705
19933.190594238782,501,M,2706
19933.625493160325,502,M,2703
19933.696158933028,503,M,2705
19934.53409244083,504,M,2712
19935.496335327913,505,M,2712
19935.6793204389,506,M,2710
19935.689490408,507,M,2712
19935.698246559503,508,M,2714
19935.84988537246,509,M,2716
19935.94700635083,510,M,2716
19936.020273517912,511,M,2716
19936.139269373765,512,M,2710
19936.2160419277,513,M,2711
19936.23948592694,514,M,2711
19936.858404855626,515,M,2712
19937.015685924383,516,M,2705
19937.384530512885,517,M,2695
19937.636441443054,518,M,2697
19937.723467297856,519,M,2693
19937.97112859025,520,M,2693
19938.14567121384,521,M,2685
19938.36372186542,522,M,2683
19938.42096561519,523,M,2688
19938.524871543577,524,M,2689
19938.936738543853,525,M,2687
19939.165473783843,526,M,2694
19939.453773078738,527,M,2690
19939.723380536834,528,M,2688
19939.76949916538,529,M,2689
19940.328459797118,530,M,2689
19940.432283975697,531,M,2693
19941.020525085303,532,M,2686
19941.050095790095,533,M,2687
19941.065425285226,534,M,2687
19941.27498268668,535,M,2682
19941.508065019596,536,M,2673
19941.512636975167,537,M,2677
19941.669988747744,538,M,2683
19941.680260759123,539,M,2685
19941.910949062247,540,M,2689
19942.228826013805,541,M,2688
19942.471317171723,542,M,2690
19942.487920952357,543,M,2692
19942.874028848237,544,M,2690
19943.051821384197,545,M,2684
19943.12086181165,546,M,2690
19943.13322068264,547,M,2691
19944.104690432632,548,M,2673
19944.275119522055,549,M,2666
19944.462438572325,550,M,2660
19944.607588091712,551,M,2671
19944.90226678001,552,M,2668
19945.20718629176,553,M,2668
19945.817618759233,554,M,2647
19945.853220280922,555,M,2649
19945.873789719015,556,M,2650
19945.9300034546,557,M,2651
19946.04863181283,558,M,2654
19946.142578451014,559,M,2658
19946.187586832926,560,M,2655
19946.24300954833,561,M,2655
19946.564065398477,562,M,2655
19946.60129141399,563,M,2658
19946.786157390587,564,M,2655
19946.907082595728,565,M,2656
19946.984772968513,566,M,2659
19947.04428671766,567,M,2664
19947.19842028813,568,M,2670
19947.28241690087,569,M,2675
19947.287833623985,570,M,2677
19947.81698706327,571,M,2665
19947.860368708796,572,M,2665
19947.943090624383,573,M,2663
19948.346675495828,574,M,2681
19948.363769457847,575,M,2680
19948.564182065962,576,M,2680
19948.599796394414,577,M,2678
19948.885111213232,578,M,2678
19948.93649914387,579,M,2679
19949.099374146415,580,M,2679
19949.326277663153,581,M,2681
19949.407134094068,582,M,2682
19949.50572889827,583,M,2683
19949.5759976549,584,M,2681
19949.737779877905,585,M,2681
19950.15078989327,586,M,2670
19950.153099563435,587,M,2671
19950.419407453883,588,M,2675
19950.497065333944,589,M,2675
19950.57464403598,590,M,2671
19950.611707588563,591,M,2674
19950.927022042004,592,M,2675
19951.02425741012,593,M,2679
19951.322541668807,594,M,2670
19951.384767911353,595,M,2672
19951.512739978367,596,M,2677
19951.633161162998,597,M,2682
19951.637713648386,598,M,2683
19951.660278254396,599,M,2684
19951.86524569504,600,M,2684
19951.86727404842,601,M,2684
19952.22965835183,602,M,2681
19952.3529677987,603,M,2683
19952.495276823138,604,M,2680
19952.52270842068,605,M,2681
19952.606414404894,606,M,2679
19952.880293093498,607,M,2674
19953.004775641384,608,M,2676
19953.051363812934,609,M,2679
19953.05139288578,610,M,2680
19953.209483580533,611,M,2674
19953.466645699496,612,M,2676
19953.655448097077,613,M,2677
19953.871354886607,614,M,2679
19953.990177024243,615,M,2685
19954.14368335878,616,M,2688
19954.252947296,617,M,2684
19954.458965390422,618,M,2686
19954.6784859992,619,M,2687
19954.752102005288,620,M,2683
19955.298787086667,621,M,2677
19955.3490605382,622,M,2677
19955.567733684657,623,M,2687
19955.585215019953,624,M,2686
19955.715581508222,625,M,2687
19955.7174408052,626,M,2689
19955.763571015657,627,M,2683
19955.829567674387,628,M,2688
19955.846597549727,629,M,2688
19955.86438240561,630,M,2690
19956.052459716175,631,M,2690
19956.192245627266,632,M,2695
19956.283831060395,633,M,2692
19956.59738109466,634,M,2684
19957.03120042765,635,M,2676
19957.172930453733,636,M,2677
19957.370057407465,637,M,2672
19957.423884691732,638,M,2671
19957.51004661061,639,M,2674
19957.57515256596,640,M,2672
19958.05085371506,641,M,2680
19958.161880166146,642,M,2673
19958.31229518681,643,M,2679
19958.37948282122,644,M,2681
19958.398845385655,645,M,2681
19958.523088143615,646,M,2679
19958.651107649202,647,M,2681
19958.73426191027,648,M,2679
19958.79440420027,649,M,2682
19958.941685204343,650,M,2684
19959.027492548106,651,M,2681
19959.036711194203,652,M,2682
19959.447430105392,653,M,2673
19959.535302557975,654,M,2673
19959.638664797512,655,M,2670
19959.76834179669,656,M,2669
19959.817366493506,657,M,2671
19959.89861977149,658,M,2669
19959.97102102295,659,M,2673
19960.135394275978,660,M,2672
19960.16751497294,661,M,2676
19960.167807549446,662,M,2677
19960.211645808802,663,M,2676
19960.263900725644,664,M,2673
19960.308239781647,665,M,2674
19960.389561710886,666,M,2677
19960.444869855535,667,M,2678
19960.489913624595,668,M,2678
19960.499037570986,669,M,2679
19960.69162051466,670,M,2681
19960.756401211936,671,M,2680
19960.844750090084,672,M,2680
19960.854754140513,673,M,2681
19960.924835094243,674,M,2684
19961.075153927155,675,M,2679
19961.2019189939,676,M,2679
19961.39860852941,677,M,2679
19961.414134875275,678,M,2680
19961.624895095185,679,M,2683
19962.001590432676,680,M,2678
19962.06738502126,681,M,2677
19962.52170921791,682,M,2673
19962.67190157438,683,M,2675
19962.80776676176,684,M,2671
19962.911200036302,685,M,2672
19963.044069179963,686,M,2673
19963.270105926404,687,M,2672
19963.498264756417,688,M,2679
19963.601266349644,689,M,2677
19963.7308556229,690,M,2681
19964.051461792104,691,M,2687
19964.696391943842,692,M,2673
19964.72953339196,693,M,2672
19964.76327490626,694,M,2672
19964.76535620326,695,M,2673
19964.78970273779,696,M,2674
19964.875905964243,697,M,2670
19964.90079030384,698,M,2669
19964.973358021805,699,M,2672
19964.995987242815,700,M,2675
19965.020581828947,701,M,2676
19965.059087033733,702,M,2677
19965.140125532387,703,M,2676
19965.1984926582,704,M,2676
19965.302924169824,705,M,2672
19965.3035594969,706,M,2673
19965.304841970166,707,M,2674
19965.337411864963,708,M,2677
19965.751909615996,709,M,2678
19965.993247802526,710,M,2683
19966.01087482309,711,M,2687
19966.2149309886,712,M,2688
19966.227806535935,713,M,2689
19966.35313092222,714,M,2684
19966.424484313327,715,M,2685
19966.592068225917,716,M,2685
19966.796864373966,717,M,2684
19966.79884415724,718,M,2685
19967.045744725896,719,M,2682
19967.097239445975,720,M,2686
19967.15310759325,721,M,2685
19967.16087245391,722,M,2686
19967.42073851916,723,M,2682
19967.536035659574,724,M,2682
19967.617283631684,725,M,2686
19967.650832693518,726,M,2685
19967.914922233307,727,M,2675
19968.05332367733,728,M,2677
19968.08873351952,729,M,2680
19968.26454572739,730,M,2679
19968.301584903482,731,M,2680
19968.405743643147,732,M,2678
19968.778174653577,733,M,2668
19968.836001453037,734,M,2666
19968.870709005998,735,M,2668
19968.984863986538,736,M,2666
19969.305492407355,737,M,2663
19969.46324902738,738,M,2663
19969.715383560877,739,M,2657
19969.862068640476,740,M,2666
19969.937600037196,741,M,2668
19969.951327542116,742,M,2671
19969.98611776181,743,M,2670
19970.015953788494,744,M,2671
19970.05017563835,745,M,2675
19970.076994606185,746,M,2674
19970.26399944503,747,M,2671
19970.352098304418,748,M,2670
19970.501151703895,749,M,2668
19970.627977674543,750,M,2673
19970.845207413397,751,M,2676
19970.859935355085,752,M,2675
19970.935774472015,753,M,2674
19970.943480855287,754,M,2674
19970.9970107655,755,M,2672
19970.998689111904,756,M,2673
19971.0288864715,757,M,2674
19971.10457298385,758,M,2676
19971.231322714444,759,M,2677
19971.24044896066,760,M,2677
19971.317206730895,761,M,2677
19971.371027214933,762,M,2677
19971.58455647375,763,M,2665
19971.585211252357,764,M,2666
19971.624576591235,765,M,2668
19971.723789322805,766,M,2666
19971.998003945868,767,M,2658
19972.211110241184,768,M,2651
19972.2721040983,769,M,2651
19972.341683308103,770,M,2653
19972.567539145373,771,M,2650
19972.576100916478,772,M,2651
19972.613326468116,773,M,2654
19972.65038429348,774,M,2653
19972.867333363,775,M,2657
19972.88715191297,776,M,2657
19973.068949363642,777,M,2649
19973.512356370054,778,M,2632
19973.60183271685,779,M,2634
19973.679161438715,780,M,2627
19973.793767920182,781,M,2627
19973.794283592302,782,M,2628
19973.801394358,783,M,2628
19973.986293230162,784,M,2635
19974.005916851966,785,M,2636
19974.009261231044,786,M,2636
19974.182881603778,787,M,2630
19974.323369409605,788,M,2630
19974.446223783983,789,M,2630
19974.496689813757,790,M,2627
19974.72847803343,791,M,2621
19974.7523604071,792,M,2621
19974.824522251,793,M,2625
19974.902056860905,794,M,2628
19974.942811879762,795,M,2628
19975.125640144743,796,M,2629
19975.21675210014,797,M,2629
19975.233213724387,798,M,2629
19975.37027199992,799,M,2630
19975.48339206333,800,M,2630
19975.55180170031,801,M,2630
19975.65861596236,802,M,2626
19975.689956184204,803,M,2627
19975.7660753892,804,M,2624
19975.909863305813,805,M,2616
19976.310070922962,806,M,2616
19976.396533840263,807,M,2614
19976.488202960445,808,M,2618
19976.49215021925,809,M,2619
19976.560114176755,810,M,2623
19976.59032358031,811,M,2625
19976.610505657554,812,M,2626
19976.614155664833,813,M,2627
19976.63029262184,814,M,2627
19976.791269524376,815,M,2624
19977.166717338387,816,M,2626
19977.208426771103,817,M,2625
19977.210101775643,818,M,2626
19977.211360901383,819,M,2627
19977.27485734091,820,M,2624
19977.41932732303,821,M,2623
19977.44562318152,822,M,2626
19977.477015962046,823,M,2626
19977.523148075583,824,M,2625
19977.529155748838,825,M,2626
19977.55103040362,826,M,2626
19977.592698307515,827,M,2626
19977.62305558711,828,M,2626
19977.651333497626,829,M,2626
19977.85192418353,830,M,2625
19977.855256907606,831,M,2626
19977.960179329828,832,M,2635
19977.992398405906,833,M,2635
19978.11799580112,834,M,2633
19978.118590554022,835,M,2634
19978.180717287523,836,M,2630
19978.242353347705,837,M,2630
19978.40208903447,838,M,2633
19978.495608916157,839,M,2635
19978.537159886175,840,M,2634
19978.538835281222,841,M,2635
19978.543216153488,842,M,2636
19978.5998312006,843,M,2642
19978.612180130716,844,M,2642
19978.627882440385,845,M,2640
19978.682237671925,846,M,2642
19978.697332268664,847,M,2640
19978.74262128313,848,M,2642
19978.775325844683,849,M,2641
19978.792921127322,850,M,2642
19978.843589302458,851,M,2644
19978.845283728748,852,M,2645
19979.015612380146,853,M,2647
19979.066264555655,854,M,2649
19979.08695382971,855,M,2649
19979.167435211224,856,M,2642
19979.170068469874,857,M,2643
19979.23018225846,858,M,2641
19979.29603994142,859,M,2638
19979.317733266183,860,M,2638
19979.37250777404,861,M,2639
19979.46538594745,862,M,2632
19979.494612599603,863,M,2635
19979.751882910303,864,M,2638
19979.79675512978,865,M,2635
19979.82316155117,866,M,2637
19979.82653777281,867,M,2638
19979.837186205965,868,M,2640
19979.896040023374,869,M,2640
19979.93963923806,870,M,2642
19980.032096542625,871,M,2640
19980.135126556524,872,M,2639
19980.151549717764,873,M,2639
19980.179382965394,874,M,2640
19980.188067798197,875,M,2641
19980.256742613874,876,M,2641
19980.294891273057,877,M,2643
19980.3387469625,878,M,2645
19980.359838274228,879,M,2647
19980.462381981037,880,M,2646
19980.519012611054,881,M,2647
19980.542682971434,882,M,2645
19980.570801087055,883,M,2645
19980.644585759957,884,M,2646
19980.688728250512,885,M,2644
19980.82152397027,886,M,2644
19980.891318054128,887,M,2641
19980.905862261443,888,M,2642
19980.95344900081,889,M,2642
19981.008276692584,890,M,2644
19981.09257766154,891,M,2638
19981.10090618687,892,M,2639
19981.11630217318,893,M,2641
19981.120323409526,894,M,2641
19981.198560694276,895,M,2645
19981.26841224241,896,M,2648
19981.349394764784,897,M,2651
19981.463152725137,898,M,2653
19981.495374471793,899,M,2655
19981.547061141468,900,M,2654
19981.60971653249,901,M,2655
19981.76794476737,902,M,2655
19981.771649227783,903,M,2657
19981.80908789314,904,M,2656
19981.96655405741,905,M,2655
19981.989886287603,906,M,2654
19982.13917981557,907,M,2655
19982.189662576184,908,M,2650
19982.228833455225,909,M,2647
19982.257654475445,910,M,2650
19982.270579875785,911,M,2650
19982.372238595326,912,M,2651
19982.39789258646,913,M,2650
19982.47284600821,914,M,2654
19982.54024010362,915,M,2656
19982.560287146407,916,M,2658
19982.59234901503,917,M,2662
19982.5997891517,918,M,2660
19982.723512985638,919,M,2661
19982.74077555945,920,M,2662
19982.82863173294,921,M,2658
19982.860379944614,922,M,2661
19982.863419435653,923,M,2662
19982.866143317937,924,M,2663
19982.876510838847,925,M,2664
19982.876557320447,926,M,2665
19983.060221254458,927,M,2661
19983.09855114116,928,M,2661
19983.10003893217,929,M,2662
19983.420004291936,930,M,2664
19983.451360387702,931,M,2666
19983.45784243028,932,M,2667
19983.533172784268,933,M,2673
19983.54841445815,934,M,2675
19983.663722562098,935,M,2676
19983.673128296858,936,M,2677
19983.706456688218,937,M,2675
19983.70693658076,938,M,2676
19983.833044737596,939,M,2672
19983.93246684669,940,M,2667
19984.03483013714,941,M,2667
19984.086047131004,942,M,2666
19984.16180961594,943,M,2667
19984.168615042516,944,M,2669
19984.23865283908,945,M,2667
19984.37902274254,946,M,2669
19984.39685571374,947,M,2669
19984.487659401748,948,M,2667
19984.5270831617,949,M,2668
19984.685607810603,950,M,2670
19984.7372847051,951,M,2667
19984.755719473178,952,M,2669
19984.845521894564,953,M,2665
19984.870894674044,954,M,2669
19984.9171737078,955,M,2664
19984.91729959932,956,M,2665
19985.028121623876,957,M,2663
19985.06022960117,958,M,2664
19985.1054783691,959,M,2665
19985.12810439102,960,M,2666
19985.160401912668,961,M,2665
19985.399270497313,962,M,2663
19985.51431174213,963,M,2663
19985.595326196653,964,M,2664
19985.63176016843,965,M,2663
19985.64832303068,966,M,2664
19985.78744288842,967,M,2661
19985.85141796939,968,M,2659
19985.85765436563,969,M,2662
19985.87487594533,970,M,2664
19985.88546371709,971,M,2665
19985.886829614145,972,M,2666
19985.953791774362,973,M,2670
19985.97662088071,974,M,2672
19985.995595012562,975,M,2674
19986.043914256843,976,M,2673
19986.069837545627,977,M,2672
19986.122154385048,978,M,2676
19986.125222245086,979,M,2677
19986.213126860977,980,M,2677
19986.22256734586,981,M,2678
19986.271823684954,982,M,2679
19986.283124665715,983,M,2681
19986.29941331589,984,M,2682
19986.299422051474,985,M,2683
19986.324420783596,986,M,2685
19986.440620785346,987,M,2685
19986.621056394262,988,M,2678
19986.70787789923,989,M,2682
19986.717736010447,990,M,2683
19986.732424751273,991,M,2685
19986.758219131832,992,M,2684
19986.817486416756,993,M,2680
19986.819730098327,994,M,2681
19986.82802343827,995,M,2683
19986.865366178587,996,M,2683
19986.95662975722,997,M,2683
19986.97575545106,998,M,2682
19986.990729564815,999,M,2683
19987.076462376815,1000,M,2686
19987.13024541449,1001,M,2685
19987.13539777723,1002,M,2685
19987.16389974807,1003,M,2687
19987.207736870147,1004,M,2683
19987.29865018872,1005,M,2679
19987.32812163437,1006,M,2683
19987.348763861744,1007,M,2683
19987.401770759014,1008,M,2682
19987.408386826046,1009,M,2683
19987.470688496716,1010,M,2686
19987.521232357063,1011,M,2685
19987.578795006044,1012,M,2686
19987.663307766827,1013,M,2685
19987.696752600084,1014,M,2684
19987.81973275126,1015,M,2684
19987.870836547405,1016,M,2685
19987.93035810079,1017,M,2685
19988.046589976257,1018,M,2688
19988.15826352005,1019,M,2684
19988.218842650982,1020,M,2688
19988.239912865738,1021,M,2690
19988.287654075728,1022,M,2687
19988.333773090348,1023,M,2689
19988.338428710387,1024,M,2689
19988.34622253271,1025,M,2690
19988.425185464082,1026,M,2691
19988.425227201253,1027,M,2692
19988.725967329923,1028,M,2680
19988.75168542057,1029,M,2678
19988.772607634513,1030,M,2677
19988.849797604613,1031,M,2684
19988.878922053722,1032,M,2686
19988.905245288734,1033,M,2686
19988.95449720624,1034,M,2682
19989.026633640686,1035,M,2682
19989.11100455878,1036,M,2682
19989.111990905847,1037,M,2683
19989.13980440369,1038,M,2685
19989.16552311201,1039,M,2689
19989.172080005766,1040,M,2690
19989.236493588684,1041,M,2688
19989.247764666412,1042,M,2688
19989.260942945126,1043,M,2688
19989.30108372526,1044,M,2692
19989.32593651743,1045,M,2692
19989.392612301934,1046,M,2690
19989.42332035438,1047,M,2687
19989.453465816492,1048,M,2689
19989.458934198694,1049,M,2690
19989.575856980387,1050,M,2690
19989.63894483701,1051,M,2689
19989.642141184882,1052,M,2689
19989.782670545912,1053,M,2688
19989.83174348127,1054,M,2689
19989.962209211488,1055,M,2687
19989.97734894248,1056,M,2687
19989.977998371654,1057,M,2688
19990.00209035346,1058,M,2689
19990.017320938117,1059,M,2690
19990.047517865463,1060,M,2689
19990.080114743352,1061,M,2688
19990.199829946938,1062,M,2687
19990.273776364844,1063,M,2689
19990.328357019112,1064,M,2686
19990.347730686695,1065,M,2688
19990.391773974297,1066,M,2691
19990.59841169051,1067,M,2680
19990.66652506062,1068,M,2675
19990.680163411693,1069,M,2676
19990.725149745253,1070,M,2676
19990.761105201822,1071,M,2677
19990.790503516873,1072,M,2679
19990.79544859786,1073,M,2679
19990.92709583925,1074,M,2674
19990.982472971937,1075,M,2672
19991.034818189848,1076,M,2674
19991.044467225922,1077,M,2675
19991.04776394758,1078,M,2676
19991.059280039106,1079,M,2677
19991.09135808326,1080,M,2677
19991.12885240811,1081,M,2679
19991.22021285813,1082,M,2673
19991.23383027506,1083,M,2673
19991.253415714134,1084,M,2672
19991.275953411256,1085,M,2673
19991.582547226495,1086,M,2669
19991.681960418395,1087,M,2669
19991.715305559865,1088,M,2670
19991.72469083622,1089,M,2670
19991.778126856167,1090,M,2672
19991.798853925116,1091,M,2673
19991.82865467926,1092,M,2675
19991.843613450234,1093,M,2676
19992.00759784532,1094,M,2672
19992.08908060645,1095,M,2674
19992.1475440141,1096,M,2672
19992.2388043391,1097,M,2667
19992.25361137881,1098,M,2669
19992.349874253716,1099,M,2659
19992.382659672967,1100,M,2656
19992.411762169515,1101,M,2657
19992.444371352136,1102,M,2659
19992.456741420076,1103,M,2658
19992.479019904902,1104,M,2659
19992.51759566835,1105,M,2661
19992.58222823428,1106,M,2659
19992.789509722563,1107,M,2648
19992.831838219692,1108,M,2651
19992.93570524314,1109,M,2656
19992.99205610136,1110,M,2658
19993.048673075962,1111,M,2657
19993.07446673001,1112,M,2656
19993.106919391284,1113,M,2655
19993.177796176435,1114,M,2657
19993.291676717658,1115,M,2655
19993.39723412706,1116,M,2659
19993.499889828257,1117,M,2654
19993.546983133798,1118,M,2653
19993.585006483605,1119,M,2654
19993.588809496363,1120,M,2655
19993.68209007212,1121,M,2647
19993.68788337364,1122,M,2648
19993.69589817629,1123,M,2649
19993.704871720012,1124,M,2650
19993.7079510474,1125,M,2651
19993.72277225335,1126,M,2652
19993.74546903162,1127,M,2655
19993.802446081467,1128,M,2657
19993.81021924621,1129,M,2657
19993.83709076515,1130,M,2656
19993.89443075355,1131,M,2656
19993.929626371675,1132,M,2657
19993.930742032775,1133,M,2658
19993.992505768747,1134,M,2657
19994.006357075854,1135,M,2656
19994.079959916333,1136,M,2656
19994.082943683385,1137,M,2657
19994.085939900146,1138,M,2658
19994.09193083684,1139,M,2661
19994.14182792224,1140,M,2661
19994.190550726395,1141,M,2663
19994.271507468497,1142,M,2659
19994.37542098465,1143,M,2655
19994.57900059797,1144,M,2657
19994.60030436018,1145,M,2658
19994.63692602186,1146,M,2658
19994.64421748441,1147,M,2659
19994.805283511265,1148,M,2655
19994.827189906624,1149,M,2658
19994.830229107898,1150,M,2659
19994.90572049886,1151,M,2654
19994.94819305199,1152,M,2655
19994.953634406,1153,M,2656
19995.02888576609,1154,M,2655
19995.081399972765,1155,M,2654
19995.086935112602,1156,M,2654
19995.112869694214,1157,M,2657
19995.17310668126,1158,M,2653
19995.415032588455,1159,M,2649
19995.47031951972,1160,M,2649
19995.526019492845,1161,M,2649
19995.543379872073,1162,M,2652
19995.609246949003,1163,M,2650
19995.609826992928,1164,M,2651
19995.611981314803,1165,M,2652
19995.651460579014,1166,M,2654
19995.653857664223,1167,M,2656
19995.67371910319,1168,M,2657
19995.749085202297,1169,M,2660
19995.787265193034,1170,M,2659
19995.837659210014,1171,M,2658
19995.852831138953,1172,M,2658
19995.95903960406,1173,M,2660
19995.969832242,1174,M,2660
19995.98909316821,1175,M,2660
19996.006756740866,1176,M,2662
19996.02256347726,1177,M,2663
19996.03925526256,1178,M,2664
19996.07192423822,1179,M,2663
19996.102896435987,1180,M,2664
19996.110596167327,1181,M,2665
19996.110697768556,1182,M,2666
19996.144356147113,1183,M,2667
19996.157846115784,1184,M,2669
19996.208370672393,1185,M,2672
19996.315877815276,1186,M,2670
19996.343256731492,1187,M,2671
19996.38705075595,1188,M,2670
19996.39745961062,1189,M,2671
19996.556691526843,1190,M,2672
19996.561717198663,1191,M,2674
19996.582601948307,1192,M,2676
19996.665413792867,1193,M,2675
19996.67277826093,1194,M,2675
19996.717358771904,1195,M,2674
19996.751832273916,1196,M,2671
19996.82346972058,1197,M,2674
19996.849013901192,1198,M,2674
19996.90622277251,1199,M,2674
19996.941617409473,1200,M,2671
19996.95587358872,1201,M,2671
19996.9796838298,1202,M,2668
19997.152997811285,1203,M,2669
19997.168338143852,1204,M,2671
19997.223596431068,1205,M,2670
19997.23386546023,1206,M,2672
19997.235477715578,1207,M,2673
19997.275067206858,1208,M,2676
19997.29110953808,1209,M,2676
19997.300667505704,1210,M,2676
19997.328326694398,1211,M,2675
19997.428319761755,1212,M,2670
19997.472195222854,1213,M,2669
19997.519942182877,1214,M,2670
19997.605774966287,1215,M,2667
19997.68002526331,1216,M,2668
19997.682536825603,1217,M,2669
19997.699715509585,1218,M,2669
19997.78287362852,1219,M,2662
19997.791035695667,1220,M,2664
19997.866644412265,1221,M,2661
19997.893372688584,1222,M,2662
19997.905439277718,1223,M,2663
19997.917904788246,1224,M,2663
19997.940405442187,1225,M,2664
19997.9906557785,1226,M,2666
19998.06605302201,1227,M,2670
19998.0797208837,1228,M,2673
19998.130144073817,1229,M,2674
19998.16484552395,1230,M,2677
19998.228626894863,1231,M,2676
19998.305426084895,1232,M,2676
19998.41209463509,1233,M,2674
19998.45018694371,1234,M,2674
19998.46812829069,1235,M,2675
19998.481870955264,1236,M,2676
19998.553311250293,1237,M,2672
19998.6272267631,1238,M,2669
19998.64207074015,1239,M,2670
19998.694149305975,1240,M,2673
19998.7008982854,1241,M,2674
19998.782590156512,1242,M,2667
19998.799131307023,1243,M,2667
19998.80582033862,1244,M,2668
19998.837405489354,1245,M,2671
19998.85669717035,1246,M,2668
19998.87327839963,1247,M,2669
19998.921423679658,1248,M,2669
19998.92711168687,1249,M,2671
19998.997460516344,1250,M,2669
19999.007270586975,1251,M,2670
19999.077591434183,1252,M,2670
19999.103500387104,1253,M,2669
19999.11171712708,1254,M,2670
19999.13288284127,1255,M,2670
19999.170040586083,1256,M,2672
19999.241681983276,1257,M,2671
19999.271608100906,1258,M,2669
19999.333088995147,1259,M,2669
19999.380127118053,1260,M,2669
19999.421643119083,1261,M,2671
19999.42951768024,1262,M,2671
19999.433240215145,1263,M,2672
19999.449300334865,1264,M,2673
19999.456135757828,1265,M,2674
19999.45848852382,1266,M,2675
19999.540513117605,1267,M,2676
19999.566906383043,1268,M,2677
19999.566956318762,1269,M,2678
19999.666220100647,1270,M,2668
19999.78827529358,1271,M,2665
19999.82531489874,1272,M,2667
19999.830412924366,1273,M,2668
19999.869114803834,1274,M,2671
19999.89621676093,1275,M,2671
19999.902440809183,1276,M,2672
19999.920488974723,1277,M,2674
19999.926346933844,1278,M,2675
19999.936404997978,1279,M,2676
19999.94047274319,1280,M,2678
19999.980759711976,1281,M,2677
19999.995120677155,1282,M,2678
19999.997324356817,1283,M,2678
19999.998581844033,1284,M,2679
1686.6805244540003,2,F,6045
8477.111543330362,3,F,4352
10272.486270368263,4,F,4008
12991.45118888138,5,F,3826
13714.926564142435,6,F,4584
13910.359334023875,7,F,4605
14077.808755072852,8,F,4366
14202.217345691628,9,F,3976
14611.723339825483,10,F,2973
15715.474694164886,11,F,3031
16199.340351857758,12,F,2591
16473.06788878725,13,F,2196
16761.37835081086,14,F,2249
17078.947663529245,15,F,2386
17187.463211169408,16,F,2241
17415.09060560862,17,F,2248
17489.98310331075,18,F,2381
17504.391612243362,19,F,2347
17718.461852959965,20,F,2639
17808.768075288244,21,F,2676
17884.735319773397,22,F,2562
18111.31581402469,23,F,2553
18239.743302882664,24,F,2472
18300.59649473553,25,F,2469
18335.242861879946,26,F,2445
18395.860321532262,27,F,2467
18403.62343377649,28,F,2426
18445.170586395856,29,F,2309
18453.931336598653,30,F,2323
18593.203062776414,31,F,2550
18634.784723270346,32,F,2483
18637.483385666368,33,F,2484
18666.37461017662,34,F,2502
18757.735948062294,35,F,2497
18766.657934488685,36,F,2556
18789.63084035398,37,F,2544
18800.110449701435,38,F,2591
18882.49807939583,39,F,2462
18965.56604018557,40,F,2346
18978.330336133386,41,F,2343
18993.511696152753,42,F,2334
19005.62214831311,43,F,2388
19050.807204508532,44,F,2528
19079.85304009018,45,F,2704
19125.718684744937,46,F,2542
19134.323472193628,47,F,2503
19144.403826756614,48,F,2418
19152.926524643102,49,F,2383
19158.279044359268,50,F,2358
19186.500716673818,51,F,2291
19192.62423666655,52,F,2292
19202.085007559275,53,F,2253
19231.37644464229,54,F,2171
19257.511249047966,55,F,2216
19262.188117037364,56,F,2247
19264.191141791765,57,F,2260
19287.39242418516,58,F,2291
19294.849729392383,59,F,2285
19298.97523345193,60,F,2295
19333.87866288431,61,F,2341
19355.086832032885,62,F,2394
19370.68092620385,63,F,2400
19389.112758836804,64,F,2426
19394.803771490766,65,F,2428
19399.205200454842,66,F,2436
19417.924937659245,67,F,2396
19427.83559833882,68,F,2351
19430.678555579114,69,F,2332
19433.29400942029,70,F,2331
19436.59052407885,71,F,2338
19437.090267016058,72,F,2343
19450.148781305128,73,F,2369
19454.17909728644,74,F,2368
19461.834101278673,75,F,2339
19463.852703842545,76,F,2347
19472.66270704079,77,F,2392
19473.490431514536,78,F,2379
19483.238662516585,79,F,2405
19490.300501117006,80,F,2442
19499.55533615796,81,F,2461
19503.75874788726,82,F,2452
19504.170339659857,83,F,2453
19508.9802834401,84,F,2475
19510.62585163817,85,F,2500
19516.61855537889,86,F,2551
19522.887575260414,87,F,2606
19528.653034537612,88,F,2575
19535.173789970882,89,F,2631
19538.438482154295,90,F,2686
19549.369555319186,91,F,2718
19551.326013730733,92,F,2723
19553.358398976863,93,F,2738
19555.723479244527,94,F,2716
19560.751869960415,95,F,2753
19568.307066178346,96,F,2762
19575.982245643598,97,F,2759
19576.513787732663,98,F,2765
19578.252376136665,99,F,2754
19591.655764592157,100,F,2743
19592.104941457048,101,F,2752
19592.111378701247,102,F,2753
19596.96266645762,103,F,2731
19602.05729202167,104,F,2720
19609.862152974023,105,F,2771
19615.80948222783,106,F,2764
19619.965940957914,107,F,2766
19630.460567398968,108,F,2709
19631.41314824307,109,F,2706
19637.21829768703,110,F,2718
19637.991967487033,111,F,2734
19638.00646273385,112,F,2735
19639.099115632733,113,F,2731
19639.788672805036,114,F,2729
19655.428879547973,115,F,2715
19656.10402691652,116,F,2710
19660.090779147344,117,F,2730
19662.230387876614,118,F,2746
19668.5714441042,119,F,2735
19668.82182041863,120,F,2737
19669.01761353248,121,F,2730
19671.673267475322,122,F,2758
19672.77661674827,123,F,2759
19677.17411721917,124,F,2771
19678.57292346665,125,F,2780
19686.256498742518,126,F,2817
19688.931853478818,127,F,2833
19689.172651931516,128,F,2834
19692.864818006397,129,F,2845
19693.147230883318,130,F,2854
19694.348132777377,131,F,2877
19701.632816744226,132,F,2852
19706.89360405457,133,F,2824
19710.31178127284,134,F,2817
19710.325594425783,135,F,2817
19712.020108236135,136,F,2824
19714.084786047762,137,F,2826
19714.104371554033,138,F,2826
19714.605664724473,139,F,2825
19717.00716948677,140,F,2859
19719.45163881799,141,F,2861
19727.09595008109,142,F,2817
19732.266888077258,143,F,2813
19734.25984672396,144,F,2797
19739.470649825715,145,F,2749
19743.208108136358,146,F,2724
19744.04586566396,147,F,2723
19744.156651073114,148,F,2724
19744.1830139334,149,F,2722
19745.421206268828,150,F,2708
19751.26763016933,151,F,2667
19751.44950093,152,F,2674
19752.300723281434,153,F,2668
19755.17494834957,154,F,2634
19755.25678343789,155,F,2629
19758.16110862864,156,F,2618
19765.495333349918,157,F,2623
19768.988621226326,158,F,2594
19769.49636618607,159,F,2594
19770.022648037626,160,F,2585
19770.56032827178,161,F,2583
19771.643502172643,162,F,2580
19772.76457607226,163,F,2587
19774.83626640698,164,F,2595
19775.439898338074,165,F,2575
19775.79113976018,166,F,2578
19775.994608349964,167,F,2575
19777.55069866603,168,F,2567
19777.99480657215,169,F,2575
19778.229553012377,170,F,2577
19779.230747781832,171,F,2578
19783.864684459964,172,F,2591
19786.05786616059,173,F,2554
19788.405237738785,174,F,2560
19789.615668419985,175,F,2565
19791.157399757718,176,F,2572
19793.37671820791,177,F,2566
19793.58086162178,178,F,2566
19795.64358177139,179,F,2559
19797.871311410872,180,F,2550
19798.600425337263,181,F,2557
19799.805550991026,182,F,2538
19800.108280946326,183,F,2537
19801.692610635455,184,F,2543
19802.45919148836,185,F,2550
19805.80743952367,186,F,2545
19807.237595465056,187,F,2552
19810.711887621434,188,F,2533
19810.850069538752,189,F,2532
19810.901714751973,190,F,2531
19811.487929740048,191,F,2520
19812.14145056143,192,F,2520
19814.46716854413,193,F,2516
19815.56872301826,194,F,2523
19817.194425495538,195,F,2559
19817.53293151205,196,F,2556
19820.4059242839,197,F,2560
19821.754128836055,198,F,2556
19824.207231852302,199,F,2559
19825.603491325313,200,F,2574
19825.849292980958,201,F,2570
19826.38814568186,202,F,2571
19830.34957914034,203,F,2571
19832.930698100718,204,F,2602
19833.230935165335,205,F,2602
19836.794564715055,206,F,2641
19838.0659450856,207,F,2640
19839.634915124952,208,F,2655
19842.83098279569,209,F,2634
19843.053648097706,210,F,2639
19843.631411012266,211,F,2643
19844.428177159873,212,F,2645
19844.71274472937,213,F,2650
19844.74560462307,214,F,2649
19845.024790812146,215,F,2664
19845.977438345864,216,F,2643
19846.066973780577,217,F,2646
19846.07744030889,218,F,2645
19846.58823056113,219,F,2638
19846.665879556604,220,F,2637
19846.674655061295,221,F,2636
19846.84276503096,222,F,2631
19847.193948114185,223,F,2635
19847.817525085797,224,F,2657
19849.666720269473,225,F,2639
19849.934414478463,226,F,2635
19852.15064840857,227,F,2634
19853.279903537175,228,F,2632
19853.771168382777,229,F,2625
19854.626323711735,230,F,2617
19855.19150188277,231,F,2618
19855.98741988525,232,F,2613
19856.992760181958,233,F,2618
19859.335156649395,234,F,2630
19859.44626116675,235,F,2636
19859.556717260686,236,F,2642
19859.624742431817,237,F,2647
19860.178730039777,238,F,2649
19861.042708676538,239,F,2652
19862.89445696023,240,F,2641
19862.941139624625,241,F,2642
19863.91049278739,242,F,2635
19864.135227860457,243,F,2639
19864.92809391445,244,F,2626
19865.042505548146,245,F,2625
19865.344031023553,246,F,2625
19865.43271448708,247,F,2627
19866.799929598055,248,F,2617
19866.83388891316,249,F,2616
19867.961316093126,250,F,2618
19868.262136279252,251,F,2620
19869.838665751824,252,F,2591
19870.871178778074,253,F,2616
19873.006009224875,254,F,2606
19873.323349250542,255,F,2625
19873.549036511686,256,F,2627
19873.69004218478,257,F,2623
19875.26686393032,258,F,2656
19875.642500282767,259,F,2653
19876.082482986963,260,F,2657
19876.34178393653,261,F,2648
19876.75844534337,262,F,2664
19876.994408410108,263,F,2667
19877.04226944776,264,F,2667
19877.19259749689,265,F,2665
19877.301604707278,266,F,2663
19877.957283147975,267,F,2655
19878.424719554267,268,F,2645
19878.79013530061,269,F,2656
19879.197611414154,270,F,2665
19880.526659838408,271,F,2670
19881.791128863657,272,F,2669
19882.760090397103,273,F,2675
19883.482762961172,274,F,2679
19883.987081477106,275,F,2678
19884.320051463732,276,F,2674
19886.350741761013,277,F,2622
19887.182047326547,278,F,2617
19887.303424880713,279,F,2621
19888.02387803423,280,F,2617
19888.48096214431,281,F,2614
19888.789522026254,282,F,2612
19888.817744169242,283,F,2616
19888.82537271576,284,F,2618
19888.855972320227,285,F,2617
19890.2073287719,286,F,2631
19890.483120530665,287,F,2627
19890.72213168344,288,F,2623
19890.791650846284,289,F,2621
19891.089889683015,290,F,2622
19891.139433793163,291,F,2623
19891.145532256924,292,F,2625
19891.570262700883,293,F,2631
19891.574891773536,294,F,2632
19891.68402773448,295,F,2641
19891.95077669926,296,F,2632
19891.956790309436,297,F,2633
19892.165817346504,298,F,2623
19892.48713498539,299,F,2634
19893.478973062913,300,F,2618
19893.94352768324,301,F,2617
19894.181855730974,302,F,2616
19894.278056387306,303,F,2617
19894.55991642285,304,F,2608
19894.577371800035,305,F,2608
19895.41916061393,306,F,2609
19895.574331761447,307,F,2611
19895.625113649963,308,F,2610
19895.78410745408,309,F,2610
19896.938371539545,310,F,2607
19897.016589632472,311,F,2610
19897.6634996962,312,F,2610
19898.707898062024,313,F,2601
19899.975746917167,314,F,2607
19900.139644605395,315,F,2603
19900.570941510734,316,F,2614
19900.607860656364,317,F,2613
19900.633274271288,318,F,2615
19901.157926415763,319,F,2618
19901.439389217758,320,F,2619
19902.074789848568,321,F,2614
19902.312180078963,322,F,2616
19902.435192619734,323,F,2615
19902.687205512884,324,F,2626
19902.885993255753,325,F,2633
19903.557610459018,326,F,2648
19904.662914023425,327,F,2660
19904.711825766215,328,F,2662
19905.184940898453,329,F,2663
19905.495468625493,330,F,2664
19905.505561394144,331,F,2665
19905.603250403277,332,F,2670
19905.82464525101,333,F,2675
19906.49359835587,334,F,2663
19906.656964492093,335,F,2666
19906.815813192585,336,F,2669
19906.931588300715,337,F,2671
19908.025359750987,338,F,2651
19908.06522885063,339,F,2652
19908.765266889313,340,F,2666
19908.767938730645,341,F,2668
19909.463666114643,342,F,2669
19909.660508417546,343,F,2663
19909.69206549189,344,F,2666
19909.859213984422,345,F,2665
19909.941831320048,346,F,2672
19910.139884729408,347,F,2672
19910.244392044508,348,F,2678
19910.44625982489,349,F,2682
19910.942505682553,350,F,2681
19911.025424454972,351,F,2681
19911.228396607246,352,F,2673
19911.731534911603,353,F,2675
19912.045947649043,354,F,2681
19912.196637378474,355,F,2685
19912.606000804695,356,F,2660
19913.07568552512,357,F,2653
19913.12353814492,358,F,2654
19913.210105349794,359,F,2654
19914.068510800775,360,F,2667
19914.841977399392,361,F,2646
19915.413920020645,362,F,2663
19915.809171935125,363,F,2656
19915.94842804314,364,F,2661
19916.480826615163,365,F,2660
19916.831004389485,366,F,2656
19916.83782513254,367,F,2657
19917.052779297323,368,F,2656
19917.5466330992,369,F,2653
19918.508158026303,370,F,2656
19918.77204687709,371,F,2654
19919.35457764379,372,F,2652
19919.399443540024,373,F,2647
19919.533265624963,374,F,2648
19919.577328680283,375,F,2647
19920.337383105954,376,F,2645
19920.78330140477,377,F,2639
19920.914805697274,378,F,2638
19920.953368641236,379,F,2639
19921.144465284,380,F,2636
19921.794725431286,381,F,2647
19921.94336251892,382,F,2651
19922.019928602433,383,F,2654
19922.065511826866,384,F,2658
19922.0819626101,385,F,2660
19922.11545556373,386,F,2663
19922.45311926911,387,F,2668
19922.507947576254,388,F,2670
19922.67543158695,389,F,2673
19923.00826776207,390,F,2680
19923.04798211578,391,F,2681
19923.547286337453,392,F,2678
19923.680209793354,393,F,2674
19923.807024243488,394,F,2670
19924.041498739436,395,F,2670
19924.528952982433,396,F,2671
19924.84585368912,397,F,2675
19925.022872884852,398,F,2673
19925.146126311975,399,F,2672
19925.35827366792,400,F,2672
19925.633507956365,401,F,2680
19925.808382793726,402,F,2682
19925.979358354114,403,F,2691
19926.07586442297,404,F,2691
19926.185042416262,405,F,2692
19926.26075687975,406,F,2690
19926.49985415223,407,F,2681
19926.53122399956,408,F,2681
19926.908209330806,409,F,2686
19927.026231194803,410,F,2683
19927.333687849223,411,F,2675
19927.355228043634,412,F,2676
19927.35926692745,413,F,2676
19928.273313567926,414,F,2679
19928.40105022526,415,F,2677
19928.51604781442,416,F,2677
19929.174181340022,417,F,2678
19929.183342898614,418,F,2679
19929.515134614212,419,F,2674
19929.546402898355,420,F,2674
19929.567794802486,421,F,2674
19929.879162542198,422,F,2686
19930.30202110133,423,F,2679
19930.3744931338,424,F,2680
19930.39682978595,425,F,2677
19930.463339696227,426,F,2680
19930.776242906355,427,F,2691
19930.78879985078,428,F,2692
19930.79025322854,429,F,2693
19930.90269052807,430,F,2698
19931.141042999767,431,F,2696
19931.252874737078,432,F,2693
19931.804232034716,433,F,2698
19931.80945630451,434,F,2700
19931.830194123875,435,F,2700
19931.895469918418,436,F,2703
19932.167321642602,437,F,2704
19932.225685166726,438,F,2705
19932.382861283008,439,F,2709
19932.749558331743,440,F,2705
19933.248115057533,441,F,2707
19933.31421500362,442,F,2705
19933.341163168985,443,F,2708
19933.408856407797,444,F,2714
19933.965352717954,445,F,2700
19934.301212760176,446,F,2706
19934.320313744087,447,F,2708
19934.369468085904,448,F,2710
19934.395626569963,449,F,2713
19934.4463037519,450,F,2712
19934.55537117623,451,F,2713
19934.929958958583,452,F,2706
19934.974217544022,453,F,2707
19935.05721362184,454,F,2705
19935.068076153988,455,F,2705
19935.447103655744,456,F,2712
19935.577500424344,457,F,2707
19935.65952671148,458,F,2709
19936.198328462953,459,F,2709
19936.202364544177,460,F,2710
19936.258927433897,461,F,2710
19937.13966849785,462,F,2702
19937.157008739545,463,F,2702
19937.20988928428,464,F,2699
19937.550617205154,465,F,2697
19937.776188741187,466,F,2695
19937.860844689218,467,F,2694
19937.866017989018,468,F,2695
19938.23576523787,469,F,2685
19938.42260245559,470,F,2689
19938.572085024,471,F,2690
19938.758190486613,472,F,2685
19939.068784327304,473,F,2691
19939.157120469197,474,F,2693
19939.34999626771,475,F,2689
19939.35480734779,476,F,2691
19939.847957701,477,F,2686
19940.098717010413,478,F,2684
19940.99067987851,479,F,2683
19941.177034510096,480,F,2683
19941.512521657634,481,F,2676
19941.542680924515,482,F,2680
19941.564513208683,483,F,2679
19941.676188635258,484,F,2684
19941.803768358994,485,F,2688
19941.998500555408,486,F,2690
19942.008403706863,487,F,2691
19942.183631524054,488,F,2689
19942.615866404336,489,F,2689
19942.654219167925,490,F,2687
19942.872560574935,491,F,2689
19943.154705833203,492,F,2691
19943.401156630833,493,F,2694
19943.433956342615,494,F,2695
19943.64873737949,495,F,2686
19944.159293039167,496,F,2673
19944.284392564354,497,F,2668
19944.520016323466,498,F,2664
19944.59734241062,499,F,2668
19944.84091584755,500,F,2667
19944.90144030812,501,F,2667
19945.148125388918,502,F,2667
19945.482863815843,503,F,2659
19945.50038004724,504,F,2663
19945.98242105847,505,F,2651
19946.07724809964,506,F,2655
19946.079966032594,507,F,2655
19946.080151922415,508,F,2656
19946.082342374713,509,F,2657
19946.13975802882,510,F,2657
19946.292761432385,511,F,2656
19946.526231748674,512,F,2653
19946.663188581788,513,F,2656
19946.860241412727,514,F,2656
19947.0117880653,515,F,2658
19947.017147385843,516,F,2660
19947.026785745533,517,F,2662
19947.050343932675,518,F,2664
19947.158907457113,519,F,2668
19947.18677988133,520,F,2669
19947.289046345464,521,F,2677
19947.34641740559,522,F,2677
19947.390252844445,523,F,2677
19947.40049451017,524,F,2677
19947.49177746111,525,F,2671
19948.03852980106,526,F,2668
19948.049636267642,527,F,2670
19948.097178879252,528,F,2673
19948.527549586703,529,F,2679
19948.830267413643,530,F,2677
19948.915865905692,531,F,2679
19949.04513181744,532,F,2681
19949.62872835943,533,F,2681
19949.640029801634,534,F,2683
19949.71774283149,535,F,2681
19950.079423424442,536,F,2674
19950.125965720348,537,F,2671
19950.324965217147,538,F,2676
19950.49690480894,539,F,2674
19950.59934283418,540,F,2673
19950.65925410702,541,F,2678
19950.683109538073,542,F,2677
19950.79136308921,543,F,2676
19950.824255563195,544,F,2675
19950.939593255025,545,F,2676
19950.95227380409,546,F,2677
19951.05975338189,547,F,2677
19951.076646367408,548,F,2676
19951.274009687986,549,F,2670
19951.31262959619,550,F,2669
19951.3185415818,551,F,2670
19951.599138641468,552,F,2682
19951.697028079176,553,F,2684
19951.717990270165,554,F,2685
19951.846371811334,555,F,2685
19951.99223456027,556,F,2687
19952.140648915123,557,F,2681
19952.411156018563,558,F,2680
19952.41306369763,559,F,2681
19952.574783501506,560,F,2678
19952.806580922523,561,F,2676
19952.811070628024,562,F,2676
19952.832807596144,563,F,2674
19953.24804758318,564,F,2677
19953.294678538237,565,F,2677
19953.414595974584,566,F,2678
19953.610382166753,567,F,2675
19953.95326826638,568,F,2681
19953.984919839924,569,F,2684
19954.10657825638,570,F,2687
19954.177444342266,571,F,2687
19954.330439475707,572,F,2688
19954.436931982895,573,F,2685
19954.471478184463,574,F,2687
19954.506329733238,575,F,2688
19954.64987195445,576,F,2687
19954.670306049655,577,F,2685
19955.214922388117,578,F,2670
19955.3219905804,579,F,2677
19955.41457893734,580,F,2681
19955.430900663407,581,F,2683
19955.451299554483,582,F,2685
19955.505330233857,583,F,2687
19955.722322554473,584,F,2689
19955.764134353212,585,F,2684
19955.776315597395,586,F,2684
19955.881119698057,587,F,2690
19955.893571605837,588,F,2690
19955.94185765234,589,F,2693
19955.983122152735,590,F,2693
19956.025660101015,591,F,2690
19956.02694461575,592,F,2690
19956.04065594792,593,F,2691
19956.216084270338,594,F,2698
19956.290512763637,595,F,2693
19956.45317500569,596,F,2694
19956.634904913488,597,F,2684
19956.680896910202,598,F,2684
19957.108487352318,599,F,2675
19957.10901990702,600,F,2676
19957.158214662224,601,F,2676
19957.31992562597,602,F,2674
19957.483935857847,603,F,2670
19957.533935949705,604,F,2672
19957.560728991746,605,F,2671
19957.671212040113,606,F,2671
19957.68798027274,607,F,2671
19957.724777131756,608,F,2670
19957.793051566143,609,F,2672
19957.830346846007,610,F,2673
19957.897718200024,611,F,2675
19957.961542465866,612,F,2678
19957.967441282017,613,F,2679
19958.186512545883,614,F,2675
19958.309519572747,615,F,2678
19958.3581361554,616,F,2682
19958.463012452423,617,F,2678
19958.463446468686,618,F,2679
19958.46975443259,619,F,2679
19958.544357260333,620,F,2680
19958.619355083934,621,F,2682
19958.881847590954,622,F,2685
19958.99317820026,623,F,2682
19959.169416999324,624,F,2681
19959.346541223622,625,F,2683
19959.587973465586,626,F,2671
19959.724159196427,627,F,2671
19959.809926925445,628,F,2670
19959.941690671203,629,F,2670
19959.958022796018,630,F,2672
19960.06139067195,631,F,2671
19960.06650635795,632,F,2672
19960.174000727326,633,F,2677
19960.286972028494,634,F,2673
19960.326000558656,635,F,2675
19960.362513279302,636,F,2674
19960.38728907972,637,F,2676
19960.810036040824,638,F,2679
19960.900491648517,639,F,2682
19961.03833343762,640,F,2681
19961.309995128584,641,F,2678
19961.427632255058,642,F,2684
19961.439731437466,643,F,2684
19961.655433908956,644,F,2683
19961.947960464295,645,F,2680
19962.02726219401,646,F,2677
19962.102726574834,647,F,2679
19962.15671276318,648,F,2678
19962.160127770443,649,F,2680
19962.22176375906,650,F,2677
19962.4112850533,651,F,2672
19962.482120658864,652,F,2671
19962.490601550548,653,F,2672
19962.51974612387,654,F,2672
19962.563668141796,655,F,2673
19962.652217137264,656,F,2675
19962.797317616823,657,F,2670
19962.8446104166,658,F,2673
19963.021945917262,659,F,2671
19963.02380344877,660,F,2672
19963.159138527724,661,F,2669
19963.19721418824,662,F,2666
19963.248264875034,663,F,2669
19963.2499129994,664,F,2670
19963.428549697295,665,F,2676
19963.446623708107,666,F,2678
19963.5090215588,667,F,2678
19963.707304572807,668,F,2678
19963.88565671737,669,F,2680
19963.932657126086,670,F,2684
19963.93470306449,671,F,2685
19964.151804262496,672,F,2681
19964.192928450186,673,F,2676
19964.24535604453,674,F,2679
19964.313698434435,675,F,2676
19964.420038787914,676,F,2680
19964.56340098765,677,F,2678
19964.789660326867,678,F,2673
19964.90274396582,679,F,2670
19964.93294747599,680,F,2669
19964.957752235332,681,F,2669
19964.958354145092,682,F,2670
19965.003868435302,683,F,2676
19965.13470049789,684,F,2675
19965.16228255854,685,F,2675
19965.255744275884,686,F,2675
19965.28296468921,687,F,2671
19965.321981237623,688,F,2675
19965.532903600088,689,F,2671
19965.534117695635,690,F,2672
19965.676415541664,691,F,2675
19965.716127842396,692,F,2676
19965.72297997439,693,F,2677
19965.75638000227,694,F,2678
19965.789144339895,695,F,2682
19965.86073095884,696,F,2681
19965.88737793543,697,F,2682
19965.97850501187,698,F,2683
19965.995514425733,699,F,2684
19966.02167950126,700,F,2690
19966.037159242456,701,F,2691
19966.097464870763,702,F,2689
19966.444624116582,703,F,2686
19966.46791637469,704,F,2687
19966.48012946089,705,F,2688
19966.69025781728,706,F,2681
19966.72461969133,707,F,2681
19967.050143875138,708,F,2683
19967.07943374099,709,F,2684
19967.10048010553,710,F,2687
19967.23155690571,711,F,2686
19967.30307520918,712,F,2684
19967.36400015356,713,F,2685
19967.415736772648,714,F,2682
19967.478405775786,715,F,2683
19967.59899892581,716,F,2686
19967.67889883912,717,F,2685
19967.793372393462,718,F,2682
19967.962567352653,719,F,2675
19967.97259525132,720,F,2676
19968.051743365348,721,F,2677
19968.059370273462,722,F,2678
19968.073561431807,723,F,2680
19968.084952128294,724,F,2679
19968.097825241457,725,F,2681
19968.15923131511,726,F,2680
19968.21469060587,727,F,2677
19968.27906800518,728,F,2680
19968.3046868428,729,F,2681
19968.321356344648,730,F,2680
19968.427565726284,731,F,2679
19968.663540166068,732,F,2668
19968.70835240549,733,F,2668
19968.850900331337,734,F,2667
19968.95896805561,735,F,2668
19968.977573601685,736,F,2667
19969.061402432828,737,F,2662
19969.092185141337,738,F,2663
19969.169825237463,739,F,2659
19969.22914743557,740,F,2660
19969.27638223464,741,F,2660
19969.37376447214,742,F,2661
19969.397396926368,743,F,2661
19969.496642085243,744,F,2662
19969.526013881616,745,F,2661
19969.52674500276,746,F,2662
19969.691982497974,747,F,2659
19969.738959058515,748,F,2659
19969.76649217634,749,F,2659
19969.77196606864,750,F,2659
19970.013906749406,751,F,2671
19970.025445797342,752,F,2671
19970.0377779143,753,F,2672
19970.114999784033,754,F,2672
19970.14477157955,755,F,2671
19970.33038849179,756,F,2671
19970.480236498785,757,F,2666
19970.482669463076,758,F,2667
19970.50153756652,759,F,2669
19970.507737105305,760,F,2669
19970.638034761574,761,F,2675
19970.734890082775,762,F,2675
19970.792824831915,763,F,2675
19971.022471881082,764,F,2673
19971.271456723392,765,F,2676
19971.30045755266,766,F,2676
19971.698737063387,767,F,2666
19971.828297367574,768,F,2661
19971.846815003864,769,F,2662
19971.933155306495,770,F,2657
19972.048492464775,771,F,2658
19972.056915621568,772,F,2659
19972.075352140404,773,F,2660
19972.079151429454,774,F,2661
19972.136865716962,775,F,2654
19972.331628656837,776,F,2652
19972.429445601087,777,F,2654
19972.46947978914,778,F,2653
19972.472778839365,779,F,2654
19972.579408819252,780,F,2654
19972.626621177118,781,F,2653
19972.66331554944,782,F,2653
19972.7766241734,783,F,2654
19972.83189318234,784,F,2654
19972.878745794453,785,F,2657
19973.276059787706,786,F,2641
19973.39436156316,787,F,2637
19973.401064945767,788,F,2637
19973.525226003454,789,F,2633
19973.59628105586,790,F,2634
19973.83427028737,791,F,2630
19973.84745893732,792,F,2631
19973.8769227099,793,F,2632
19973.988848671655,794,F,2636
19974.07941620451,795,F,2633
19974.101153357555,796,F,2633
19974.121651207457,797,F,2632
19974.203378422957,798,F,2631
19974.28751310643,799,F,2630
19974.317196537922,800,F,2629
19974.31766664731,801,F,2630
19974.384824916095,802,F,2625
19974.40427325608,803,F,2626
19974.534811935446,804,F,2626
19974.63480564386,805,F,2623
19974.641025916582,806,F,2624
19974.75161942344,807,F,2620
19974.755104337873,808,F,2623
19974.847226880964,809,F,2623
19974.848267711735,810,F,2624
19974.858460370564,811,F,2627
19974.943225084266,812,F,2629
19975.064131986124,813,F,2626
19975.116301169255,814,F,2628
19975.160584782247,815,F,2630
19975.179965437466,816,F,2628
19975.28953557701,817,F,2631
19975.305119795128,818,F,2631
19975.358465069905,819,F,2627
19975.363280871425,820,F,2628
19975.36819479596,821,F,2629
19975.39406096834,822,F,2631
19975.396850815137,823,F,2632
19975.415289289886,824,F,2632
19975.48877342263,825,F,2631
19975.597989972637,826,F,2626
19975.660808415974,827,F,2627
19975.95881430661,828,F,2619
19975.9801879917,829,F,2619
19976.07379512945,830,F,2619
19976.105962067228,831,F,2618
19976.24250262096,832,F,2613
19976.274962330604,833,F,2613
19976.285713687972,834,F,2617
19976.373719524036,835,F,2615
19976.42672051174,836,F,2615
19976.4794194635,837,F,2617
19976.511780789457,838,F,2621
19976.58196190495,839,F,2624
19976.593807504138,840,F,2626
19976.689673884637,841,F,2623
19976.760909167846,842,F,2622
19976.89310167248,843,F,2628
19976.89542063701,844,F,2629
19976.931609534906,845,F,2628
19976.993501500554,846,F,2626
19977.001688363576,847,F,2627
19977.021680488277,848,F,2626
19977.072977978194,849,F,2626
19977.09708634563,850,F,2627
19977.158017381076,851,F,2625
19977.18931167163,852,F,2623
19977.238523397362,853,F,2628
19977.367612360496,854,F,2622
19977.413778716586,855,F,2622
19977.450822146788,856,F,2627
19977.50495744412,857,F,2625
19977.5895983048,858,F,2625
19977.609568338714,859,F,2625
19977.738042737165,860,F,2625
19977.75874888258,861,F,2626
19977.792261100476,862,F,2624
19977.87065236092,863,F,2628
19977.88092134043,864,F,2630
19977.89328826297,865,F,2632
19977.899796173668,866,F,2633
19977.91655060365,867,F,2635
19977.92078295273,868,F,2636
19978.09206945226,869,F,2632
19978.110627851085,870,F,2633
19978.147451385645,871,F,2631
19978.24557207734,872,F,2630
19978.35147683404,873,F,2629
19978.41483555286,874,F,2634
19978.42801395062,875,F,2633
19978.469545497734,876,F,2635
19978.47788727758,877,F,2636
19978.54529983143,878,F,2638
19978.55923496371,879,F,2640
19978.67686001768,880,F,2641
19978.71250723535,881,F,2640
19978.736064166893,882,F,2642
19978.78048354888,883,F,2642
19978.8404772237,884,F,2644
19978.869143155818,885,F,2643
19978.884849505386,886,F,2644
19978.90046097637,887,F,2644
19978.907777387085,888,F,2646
19978.96355599667,889,F,2645
19979.114276731507,890,F,2643
19979.271692716324,891,F,2637
19979.29667573804,892,F,2639
19979.451997911063,893,F,2633
19979.47588686801,894,F,2633
19979.53698542748,895,F,2634
19979.542058661762,896,F,2637
19979.564339061868,897,F,2638
19979.59782725557,898,F,2637
19979.639435787347,899,F,2636
19979.67687561334,900,F,2636
19979.706825203102,901,F,2635
19979.7168216239,902,F,2636
19979.742655052032,903,F,2637
19979.94144643064,904,F,2643
19980.032404802463,905,F,2641
19980.075804664026,906,F,2640
19980.12714514636,907,F,2639
19980.16196568525,908,F,2641
19980.1914389559,909,F,2643
19980.24816098373,910,F,2640
19980.37968247064,911,F,2649
19980.404477441505,912,F,2646
19980.445683160066,913,F,2646
19980.455041214176,914,F,2645
19980.71541094725,915,F,2645
19980.725623747003,916,F,2646
19980.777268559632,917,F,2645
19980.864087831138,918,F,2641
19980.970597539126,919,F,2643
19981.027067060462,920,F,2642
19981.102943762304,921,F,2640
19981.14562614301,922,F,2641
19981.290091275634,923,F,2649
19981.3173880657,924,F,2649
19981.32756734595,925,F,2650
19981.382552495903,926,F,2652
19981.387786171974,927,F,2653
19981.396669996764,928,F,2653
19981.475848702245,929,F,2654
19981.501479336257,930,F,2657
19981.581798330684,931,F,2654
19981.832593010364,932,F,2657
19981.845286745167,933,F,2657
19981.845796463294,934,F,2658
19981.850453861767,935,F,2658
19981.85158011833,936,F,2659
19981.92957771151,937,F,2655
19982.030272149987,938,F,2655
19982.120765487518,939,F,2653
19982.14058638836,940,F,2656
19982.235928263348,941,F,2648
19982.24822894242,942,F,2649
19982.346867163407,943,F,2650
19982.35111629568,944,F,2650
19982.368051011374,945,F,2650
19982.402195458246,946,F,2651
19982.40867289891,947,F,2652
19982.50570848281,948,F,2656
19982.507924935213,949,F,2656
19982.553865004887,950,F,2657
19982.590728940628,951,F,2661
19982.61019311771,952,F,2660
19982.631501458472,953,F,2660
19982.660897158672,954,F,2662
19982.73472594481,955,F,2662
19982.75777528788,956,F,2660
19982.779131092568,957,F,2658
19982.842098816436,958,F,2658
19982.85878103436,959,F,2659
19982.880436622647,960,F,2665
19982.893128491665,961,F,2665
19982.902749763864,962,F,2665
19983.186090035073,963,F,2662
19983.20796213524,964,F,2664
19983.28634665728,965,F,2661
19983.29074259669,966,F,2662
19983.344995183015,967,F,2662
19983.38416225914,968,F,2662
19983.44160850575,969,F,2666
19983.47334154021,970,F,2669
19983.47650468449,971,F,2670
19983.487757630588,972,F,2670
19983.48954654783,973,F,2672
19983.541639421568,974,F,2674
19983.61263935823,975,F,2674
19983.61752093698,976,F,2675
19983.620522412115,977,F,2676
19983.778456585154,978,F,2675
19983.943110720455,979,F,2668
19983.947498589252,980,F,2669
19983.975849884453,981,F,2667
19984.004450878343,982,F,2668
19984.13163144522,983,F,2667
19984.17850210873,984,F,2671
19984.274080544878,985,F,2668
19984.36421632493,986,F,2669
19984.428233310773,987,F,2667
19984.526901299116,988,F,2667
19984.53644859732,989,F,2669
19984.562707044544,990,F,2670
19984.563699028575,991,F,2671
19984.621703513247,992,F,2671
19984.743501714715,993,F,2668
19984.79850592089,994,F,2665
19984.824192520653,995,F,2666
19984.887288625614,996,F,2668
19984.904842735876,997,F,2666
19984.9868928599,998,F,2661
19984.9920800898,999,F,2661
19984.998745152432,1000,F,2662
19985.036130079076,1001,F,2664
19985.037921665786,1002,F,2665
19985.29711931234,1003,F,2664
19985.298614503026,1004,F,2665
19985.46724255101,1005,F,2663
19985.58262297875,1006,F,2664
19985.61852475273,1007,F,2663
19985.708019261798,1008,F,2659
19985.73969130211,1009,F,2658
19985.741082203436,1010,F,2659
19985.77134839825,1011,F,2659
19985.847013262275,1012,F,2658
19985.853728699694,1013,F,2660
19985.865982633022,1014,F,2663
19985.893017546365,1015,F,2668
19985.994533386605,1016,F,2673
19986.020516282948,1017,F,2674
19986.034103093,1018,F,2672
19986.141909577666,1019,F,2677
19986.16241830298,1020,F,2677
19986.164622560224,1021,F,2678
19986.169540974486,1022,F,2679
19986.30452369355,1023,F,2684
19986.337232348487,1024,F,2685
19986.346526428202,1025,F,2685
19986.360400655736,1026,F,2687
19986.36510806395,1027,F,2687
19986.40453463781,1028,F,2685
19986.414859922275,1029,F,2685
19986.444727915215,1030,F,2686
19986.4508464559,1031,F,2687
19986.508427734072,1032,F,2682
19986.52680007814,1033,F,2681
19986.635761469544,1034,F,2678
19986.684339110474,1035,F,2680
19986.734193241333,1036,F,2687
19986.761217430114,1037,F,2685
19986.76931028566,1038,F,2684
19986.822983167265,1039,F,2682
19986.85053923653,1040,F,2682
19986.878889710853,1041,F,2684
19986.891830126908,1042,F,2685
19986.976300287544,1043,F,2683
19987.013630020232,1044,F,2683
19987.045091780652,1045,F,2684
19987.062897905438,1046,F,2685
19987.073669270358,1047,F,2685
19987.1493408747,1048,F,2686
19987.170016658565,1049,F,2688
19987.306334483994,1050,F,2680
19987.312731395134,1051,F,2681
19987.518262900463,1052,F,2684
19987.55296213401,1053,F,2685
19987.56634823459,1054,F,2685
19987.598190360994,1055,F,2686
19987.602015942954,1056,F,2687
19987.609531009733,1057,F,2688
19987.78952959724,1058,F,2682
19987.797533991445,1059,F,2682
19987.819286557664,1060,F,2683
19987.880757677984,1061,F,2686
19987.88612531085,1062,F,2685
19987.904430869254,1063,F,2684
19987.914193575827,1064,F,2685
19987.937111556268,1065,F,2686
19987.998983297868,1066,F,2686
19988.022465769103,1067,F,2687
19988.043023787504,1068,F,2687
19988.0973396718,1069,F,2688
19988.132164956554,1070,F,2685
19988.14262466762,1071,F,2685
19988.16088394869,1072,F,2685
19988.21496740322,1073,F,2686
19988.291267023083,1074,F,2688
19988.367674764715,1075,F,2691
19988.4097233666,1076,F,2689
19988.5465548678,1077,F,2687
19988.55617536012,1078,F,2688
19988.590277838597,1079,F,2687
19988.63600013386,1080,F,2688
19988.680563933303,1081,F,2683
19988.69463363428,1082,F,2683
19988.781612131614,1083,F,2678
19988.791979291986,1084,F,2680
19988.792676156037,1085,F,2681
19988.813869748596,1086,F,2683
19988.816485193383,1087,F,2684
19988.867670734282,1088,F,2685
19988.908684602735,1089,F,2687
19988.971326250095,1090,F,2682
19988.995652006925,1091,F,2680
19989.02519104598,1092,F,2681
19989.096556566725,1093,F,2681
19989.13919319351,1094,F,2684
19989.144664489482,1095,F,2687
19989.267046290286,1096,F,2690
19989.272107582237,1097,F,2691
19989.274189080996,1098,F,2692
19989.35383902433,1099,F,2693
19989.36845247707,1100,F,2692
19989.445969617544,1101,F,2688
19989.468607278362,1102,F,2690
19989.487596227184,1103,F,2691
19989.490570092137,1104,F,2692
19989.52781218332,1105,F,2692
19989.548942637583,1106,F,2691
19989.591803542244,1107,F,2690
19989.655858478873,1108,F,2690
19989.68943345738,1109,F,2689
19989.809232218206,1110,F,2688
19989.83462963489,1111,F,2690
19989.872945911826,1112,F,2691
19989.88914931981,1113,F,2692
19989.991229207255,1114,F,2688
19990.12062045883,1115,F,2688
19990.137881645518,1116,F,2689
19990.16275862666,1117,F,2690
19990.21609584882,1118,F,2688
19990.24986544969,1119,F,2688
19990.272360691826,1120,F,2688
19990.330201491473,1121,F,2687
19990.360085172604,1122,F,2689
19990.36123232376,1123,F,2690
19990.367655555277,1124,F,2689
19990.368721614097,1125,F,2690
19990.417883213493,1126,F,2691
19990.510156242763,1127,F,2683
19990.53068826529,1128,F,2683
19990.530726009147,1129,F,2684
19990.57490559967,1130,F,2680
19990.584581660696,1131,F,2680
19990.600663824865,1132,F,2681
19990.777048100026,1133,F,2678
19990.889658297303,1134,F,2673
19990.933823520892,1135,F,2675
19990.98551128218,1136,F,2673
19990.996451321476,1137,F,2674
19991.07063536839,1138,F,2677
19991.12539456545,1139,F,2679
19991.127059142003,1140,F,2680
19991.156505016177,1141,F,2679
19991.279076267954,1142,F,2674
19991.291395576987,1143,F,2675
19991.362200793752,1144,F,2675
19991.363810757524,1145,F,2676
19991.50393338338,1146,F,2667
19991.506997582386,1147,F,2668
19991.5221501029,1148,F,2669
19991.529650524288,1149,F,2669
19991.561246958252,1150,F,2668
19991.57446515859,1151,F,2669
19991.64050783217,1152,F,2667
19991.649650658772,1153,F,2667
19991.674441670937,1154,F,2669
19991.72840715669,1155,F,2671
19991.730512667036,1156,F,2672
19991.731800551486,1157,F,2673
19991.75199303085,1158,F,2673
19991.770407845135,1159,F,2672
19991.805035775065,1160,F,2674
19991.824511324696,1161,F,2674
19991.900434986266,1162,F,2674
19991.90257962501,1163,F,2675
19991.962462258216,1164,F,2673
19991.98213175509,1165,F,2673
19992.01832622738,1166,F,2673
19992.019843001595,1167,F,2674
19992.036805432217,1168,F,2675
19992.070921485945,1169,F,2674
19992.099021713504,1170,F,2675
19992.105165793277,1171,F,2676
19992.13163369822,1172,F,2675
19992.249927299807,1173,F,2668
19992.441142144122,1174,F,2658
19992.457181076807,1175,F,2659
19992.48674952084,1176,F,2660
19992.60186710832,1177,F,2656
19992.624291272827,1178,F,2657
19992.79805940288,1179,F,2649
19992.85755754343,1180,F,2652
19992.85970177287,1181,F,2653
19992.920818792853,1182,F,2656
19992.95219403136,1183,F,2655
19992.976687429968,1184,F,2657
19992.978095047914,1185,F,2658
19993.030915111794,1186,F,2656
19993.031604509964,1187,F,2657
19993.07916592332,1188,F,2657
19993.111308058258,1189,F,2656
19993.116862946226,1190,F,2657
19993.138305735352,1191,F,2656
19993.151825769935,1192,F,2656
19993.19434672029,1193,F,2658
19993.202101802224,1194,F,2658
19993.23544804187,1195,F,2659
19993.30714187106,1196,F,2655
19993.37450490833,1197,F,2658
19993.395617321854,1198,F,2658
19993.49082115222,1199,F,2653
19993.530151723477,1200,F,2651
19993.6421588972,1201,F,2651
19993.7178195208,1202,F,2651
19993.72669051745,1203,F,2652
19993.74204903032,1204,F,2653
19993.745191464444,1205,F,2654
19993.786948819146,1206,F,2657
19993.846899733617,1207,F,2657
19993.847015810214,1208,F,2658
19993.875959460827,1209,F,2658
19993.89789409402,1210,F,2657
19993.94523795499,1211,F,2659
19993.94861151674,1212,F,2660
19994.032846342085,1213,F,2655
19994.05069972487,1214,F,2655
19994.072129134456,1215,F,2654
19994.075269710236,1216,F,2655
19994.091302473487,1217,F,2660
19994.144495275465,1218,F,2662
19994.152910621895,1219,F,2662
19994.21280876608,1220,F,2664
19994.276067364928,1221,F,2659
19994.333687388345,1222,F,2655
19994.40193226569,1223,F,2655
19994.414071022748,1224,F,2654
19994.485451297543,1225,F,2653
19994.50351779768,1226,F,2654
19994.527764938888,1227,F,2655
19994.558781601183,1228,F,2656
19994.650407229245,1229,F,2660
19994.688820338564,1230,F,2659
19994.709115690923,1231,F,2657
19994.71226184839,1232,F,2658
19994.735890217904,1233,F,2658
19994.777701429444,1234,F,2655
19994.818138618695,1235,F,2657
19995.018321061256,1236,F,2654
19995.06292140476,1237,F,2655
19995.110074211643,1238,F,2656
19995.152657211944,1239,F,2654
19995.192952943893,1240,F,2653
19995.21747890976,1241,F,2653
19995.22774805613,1242,F,2653
19995.24647325932,1243,F,2654
19995.2551497077,1244,F,2654
19995.291719654153,1245,F,2654
19995.339374226154,1246,F,2650
19995.376590892694,1247,F,2650
19995.399752172063,1248,F,2651
19995.430081500468,1249,F,2650
19995.446251533427,1250,F,2649
19995.47982915205,1251,F,2650
19995.526837650155,1252,F,2650
19995.528068552812,1253,F,2651
19995.577044287646,1254,F,2651
19995.60857729537,1255,F,2649
19995.612517616228,1256,F,2652
19995.62465805415,1257,F,2653
19995.653074628874,1258,F,2655
19995.657989072402,1259,F,2657
19995.685164263323,1260,F,2658
19995.701720507153,1261,F,2659
19995.705962653577,1262,F,2660
19995.718388232955,1263,F,2659
19995.72924904953,1264,F,2660
19995.87513728519,1265,F,2658
19995.880792711843,1266,F,2659
19995.889738524613,1267,F,2660
19995.903650156077,1268,F,2661
19995.93040600327,1269,F,2662
19995.96118141992,1270,F,2661
19995.991135606164,1271,F,2661
19995.995461662125,1272,F,2661
19996.119402041277,1273,F,2665
19996.173168219615,1274,F,2670
19996.18868341487,1275,F,2671
19996.198040274743,1276,F,2672
19996.20554127926,1277,F,2673
19996.244013995372,1278,F,2670
19996.294051436897,1279,F,2669
19996.303749686518,1280,F,2669
19996.3361183091,1281,F,2670
19996.373840792447,1282,F,2670
19996.436054958518,1283,F,2670
19996.452680969454,1284,F,2670
19996.482476090965,1285,F,2666
19996.483523850122,1286,F,2667
19996.486574136437,1287,F,2668
19996.515346100226,1288,F,2669
19996.536336258203,1289,F,2670
19996.539073598266,1290,F,2671
19996.556354917753,1291,F,2671
19996.558095253167,1292,F,2673
19996.574833153438,1293,F,2675
19996.578050753782,1294,F,2676
19996.61702876687,1295,F,2676
19996.69142857828,1296,F,2674
19996.71358644941,1297,F,2673
19996.781346043685,1298,F,2671
19996.793223282177,1299,F,2672
19996.809860249767,1300,F,2672
19996.81362747901,1301,F,2673
19996.81830034356,1302,F,2674
19996.872944320472,1303,F,2673
19996.987179118583,1304,F,2669
19997.00301233129,1305,F,2667
19997.013976082133,1306,F,2668
19997.04364835914,1307,F,2669
19997.04808522188,1308,F,2670
19997.128490462223,1309,F,2671
19997.12920329944,1310,F,2672
19997.15685580241,1311,F,2669
19997.158912228184,1312,F,2670
19997.220926399,1313,F,2669
19997.225687081995,1314,F,2671
19997.232863792713,1315,F,2671
19997.238933454475,1316,F,2674
19997.267761084066,1317,F,2674
19997.272465728325,1318,F,2675
19997.40904457312,1319,F,2670
19997.46252610943,1320,F,2669
19997.524310808138,1321,F,2670
19997.594410962298,1322,F,2666
19997.65473392043,1323,F,2667
19997.725982259282,1324,F,2668
19997.788856633986,1325,F,2663
19997.799007289657,1326,F,2665
19997.800789972152,1327,F,2666
19997.926377163243,1328,F,2664
19997.945768383335,1329,F,2664
19997.965917785765,1330,F,2665
19997.986423253307,1331,F,2665
19998.02111702213,1332,F,2665
19998.03267795522,1333,F,2666
19998.03284282179,1334,F,2667
19998.043357086633,1335,F,2667
19998.043965332414,1336,F,2668
19998.050391245077,1337,F,2669
19998.065613379084,1338,F,2669
19998.068864041004,1339,F,2671
19998.06906901364,1340,F,2672
19998.085305943063,1341,F,2673
19998.096715889536,1342,F,2673
19998.14905179608,1343,F,2675
19998.160830903835,1344,F,2676
19998.173612715313,1345,F,2678
19998.184291961923,1346,F,2679
19998.241303190534,1347,F,2675
19998.25425273276,1348,F,2676
19998.262456731016,1349,F,2677
19998.309780999338,1350,F,2677
19998.383094070545,1351,F,2673
19998.44670982442,1352,F,2673
19998.58727084617,1353,F,2670
19998.59241275394,1354,F,2670
19998.595836275726,1355,F,2671
19998.640626719425,1356,F,2669
19998.643657291977,1357,F,2671
19998.65015525545,1358,F,2671
19998.664539693385,1359,F,2671
19998.688092649147,1360,F,2672
19998.744915550717,1361,F,2669
19998.774616259227,1362,F,2668
19998.81181999611,1363,F,2669
19998.82590676278,1364,F,2670
19998.88015614018,1365,F,2670
19998.967780902258,1366,F,2671
19998.997732382195,1367,F,2670
19999.040556006115,1368,F,2670
19999.07350143445,1369,F,2669
19999.152881079008,1370,F,2671
19999.15411238152,1371,F,2672
19999.22216243941,1372,F,2670
19999.233117056236,1373,F,2670
19999.27329635955,1374,F,2670
19999.28470511352,1375,F,2669
19999.324862265425,1376,F,2668
19999.349044486145,1377,F,2670
19999.388832949826,1378,F,2670
19999.40461722685,1379,F,2671
19999.507714101826,1380,F,2675
19999.536228928864,1381,F,2675
19999.71648043362,1382,F,2666
19999.73102380228,1383,F,2667
19999.734124643834,1384,F,2668
19999.74742002511,1385,F,2668
19999.79659725152,1386,F,2666
19999.84983922068,1387,F,2669
19999.859798339116,1388,F,2669
19999.867260407016,1389,F,2670
19999.905235175094,1390,F,2673
19999.938727603003,1391,F,2677
